{
  "about": {
    "title": "Why Choose ASG Distribution?",
    "text": "We provide partnership built on reliability, excellence, and unwavering commitment to your success...",
    "points": [
      "Top-notch products",
      "Expert Guidance",
      "Proven Track Record",
      "Dependable partner",
      "End-to-End Solutions",
      "Reliability"
    ],
    "buttonText": "Discover More",
    "image": "/assets/images/resources/HQ.jpg",
    "text2": "At ASG Distribution, we prioritize your goals and work tirelessly to exceed your expectations, making us the ideal choice for businesses seeking quality, efficiency, and a partner they can depend on."
  },
  "features": {
    "title": "Guarding your digital fortress is our responsibility",
    "tabs": [
      {
        "name": "Residential",
        "features": [
          {
            "iconClass": "icon-ip-camera",
            "title": "HD Cameras",
            "iconPath": "/assets/images/resources/gHD.svg",
            "hoverIconPath": "/assets/1a.svg"
          },
          {
            "iconClass": "icon-vision",
            "title": "IP Cameras",
            "iconPath": "/assets/images/resources/gIP.svg",
            "hoverIconPath": "/assets/2a.svg"
          },
          {
            "iconClass": "fas fa-wifi",
            "title": "Wi-Fi",
            "iconPath": "/assets/images/resources/gWifi.svg",
            "hoverIconPath": "/assets/3a.svg"
          },
          {
            "iconClass": "fas fa-ethernet",
            "title": "Structure Cabling",
            "iconPath": "/assets/images/resources/gCable.svg",
            "hoverIconPath": "/assets/4a.svg"
          },
          {
            "iconClass": "fas fa-tv",
            "title": "Monitors",
            "iconPath": "/assets/images/resources/gMonitor.svg",
            "hoverIconPath": "/assets/5a.svg"
          },
          {
            "iconClass": "fab fa-intercom",
            "title": "Intercom",
            "iconPath": "/assets/images/resources/gintercom.svg",
            "hoverIconPath": "/assets/6a.svg"
          },
          {
            "iconClass": "icon-waterproof",
            "title": "Routers",
            "iconPath": "/assets/images/resources/grouter.svg",
            "hoverIconPath": "/assets/7a.svg"
          },
          {
            "iconClass": "icon-backup-power",
            "title": "Switches",
            "iconPath": "/assets/images/resources/gswitch.svg",
            "hoverIconPath": "/assets/8a.svg"
          },
          {
            "iconClass": "icon-sunglass",
            "title": "Access Point",
            "iconPath": "/assets/images/resources/gaccess.svg",
            "hoverIconPath": "/assets/9a.svg"
          },
          {
            "iconClass": "fab fa-ups",
            "title": "UPS",
            "iconPath": "/assets/images/resources/gups.svg",
            "hoverIconPath": "/assets/10a.svg"
          },
          {
            "iconClass": "icon-waterproof",
            "title": "Sliding Gate Motor",
            "iconPath": "/assets/images/resources/gsliding.svg",
            "hoverIconPath": "/assets/11a.svg"
          },
          {
            "iconClass": "icon-backup-power",
            "title": "Swing Gate Motor",
            "iconPath": "/assets/images/resources/gswing.svg",
            "hoverIconPath": "/assets/12a.svg"
          }
        ]
      },
      {
        "name": "Commercial",
        "features": [
          {
            "iconClass": "icon-ip-camera",
            "title": "IP Cameras",
            "hoverIconPath": "/assets/1.svg",
            "iconPath": "/assets/images/resources/IP.svg"
          },
          {
            "iconClass": "icon-vision",
            "title": "Cables & Connectors",
            "iconPath": "/assets/images/resources/Cable & connectors.svg",
            "hoverIconPath": "/assets/2.svg"
          },
          {
            "iconClass": "icon-data-guard",
            "title": "Enterprise Intercom",
            "iconPath": "/assets/images/resources/Enterprise Intercom.svg",
            "hoverIconPath": "/assets/3.svg"
          },
          {
            "iconClass": "icon-motion",
            "title": "Routing & Switches",
            "iconPath": "/assets/images/resources/Enterprise Router.svg",
            "hoverIconPath": "/assets/4.svg"
          },
          {
            "iconClass": "icon-sunglass",
            "title": "Industrial Switch",
            "iconPath": "/assets/images/resources/Cloud Manage Switchess.svg",
            "hoverIconPath": "/assets/5.svg"
          },
          {
            "iconClass": "icon-okitok",
            "title": "Managed Access Point",
            "iconPath": "/assets/images/resources/Manage Access Points.svg",
            "hoverIconPath": "/assets/6.svg"
          },
          {
            "iconClass": "icon-waterproof",
            "title": "Full Height Turnstile",
            "iconPath": "/assets/images/resources/Full High Turn Style.svg",
            "hoverIconPath": "/assets/7.svg"
          },
          {
            "iconClass": "icon-backup-power",
            "title": "Managed Switching",
            "iconPath": "/assets/images/resources/Managed Switches.svg",
            "hoverIconPath": "/assets/8.svg"
          },
          {
            "iconClass": "icon-sunglass",
            "title": "Barrier Gates",
            "iconPath": "/assets/images/resources/Barrier Gates.svg",
            "hoverIconPath": "/assets/9.svg"
          },
          {
            "iconClass": "icon-okitok",
            "title": "Bollards",
            "iconPath": "/assets/images/resources/Bollards.svg",
            "hoverIconPath": "/assets/10.svg"
          },
          {
            "iconClass": "icon-waterproof",
            "title": "Access Control",
            "iconPath": "/assets/images/resources/Access Control.svg",
            "hoverIconPath": "/assets/11.svg"
          },
          {
            "iconClass": "icon-backup-power",
            "title": "Parking Management",
            "iconPath": "/assets/images/resources/parking.svg",
            "hoverIconPath": "/assets/12.svg"
          }
        ]
      }
    ]
  },
  "testimonials": [
    {
      "clientName": "Technology Valley",
      "text": "We extend a heartfelt gratitude to ASG Distribution for consistently offering the best prices and fastest fulfillment in the market. Your unwavering commitment to excellence and customer satisfaction sets a benchmark in the industry. It's a pleasure partnering with a company that values efficiency and quality above all else. Thank you for being a reliable and trusted ally!",
      "imagePath": "/assets/images/resources/3.png",
      "rating": 5
    },
    {
      "clientName": "Trade House",
      "text": "We express sincere appreciation to ASG Distribution for consistently providing the best prices and maintaining continuous trading opportunities in the market. Your dedication to delivering value and fostering enduring relationships is truly commendable. It is a privilege to collaborate with a company that prioritizes customer satisfaction and reliability above all else. Thank you for being a trusted partner that upholds high standards of service and excellence. Looking forward to further prosperous ventures together!",
      "imagePath": "/assets/images/resources/4.png",
      "rating": 5
    },
    {
      "clientName": "Compusat",
      "text": "Compusat extends its sincere gratitude to ASG Distribution for their exceptional service and fast fulfillment of products. Their efficiency and dedication have played a pivotal role in meeting our business needs promptly, allowing us to serve our customers better. Thank you for your outstanding support and seamless service.",
      "imagePath": "/assets/images/resources/6.png",
      "rating": 5
    },
    {
      "clientName": "Eagle Eye",
      "text": "Eagle Eye company is immensely grateful to ASG Distribution for their unparalleled service in ensuring fast product fulfillment and for consistently offering the best prices in the market. Their commitment to efficiency and affordability has significantly contributed to our business success, allowing us to meet our customer demands effectively. ASG Distribution's dedication to excellence and competitive pricing makes them a standout distributor in the industry.",
      "imagePath": "/assets/images/resources/1 (1).png",
      "rating": 5
    },
    {
      "clientName": "Egypt Laptop",
      "text": "Egypt Laptop company sincerely appreciates ASG Distribution for their swift product fulfillment and unwavering commitment to continuous trading. Thank you for your exceptional support and for being a trusted distributor that we can rely on for our operational needs.",
      "imagePath": "/assets/images/resources/5.png",
      "rating": 5
    },
    {
      "clientName": "Egypt Security",
      "text": "Egypt Security company extends heartfelt appreciation to ASG Distribution for their product fulfillment and consistent trading services. Their efficiency in meeting our demands promptly has been instrumental in maintaining our operational effectiveness. Thank you for your exceptional support and dedication to our success.",
      "imagePath": "/assets/images/resources/2 (1).png",
      "rating": "5"
    }
  ],
  "gallery": {
    "title": "Strategically located throughout Egypt, ensuring widespread coverage and support",
    "tagline": "Our Success Partners",
    "items": [
      {
        "title": "ASG Smart",
        "imagePath": "/assets/images/80.png",
        "link": " ",
        "modalData": {
          "name": "ASG Smart",
          "number": [
            "16653"
          ],
          "address": [
            "53 ميدان الفلكي - شارع التحرير، باب اللوق - عابدين - القاهرة"
          ]
        }
      },
      {
        "title": "Wave Tech",
        "imagePath": "/assets/images/team/1.png",
        "link": " ",
        "modalData": {
          "name": "Wave Tech",
          "number": [
            "0 1003720852"
          ],
          "address": [
            "8 شارع سعيد - قسم ثاني طنطا - محافظة الغربية"
          ]
        }
      },
      {
        "title": "Egypt Laptop",
        "imagePath": "/assets/images/team/3.png",
        "link": " ",
        "modalData": {
          "name": "Egypt Laptop",
          "number": [
            "15240"
          ],
          "address": [
            "مول تكنولوجي، مدينة نصر"
          ]
        }
      },
      {
        "title": "MAKKA Technology & Surveillance Systems",
        "imagePath": "/assets/images/team/4.png",
        "link": " ",
        "modalData": {
          "name": "MAKKA Technology & Surveillance Systems",
          "number": [
            " 0106907666"
          ],
          "address": [
            "الحي الثالث شارع ابو الخير - المجاورة ١٤ قطعة ٢١٤ - دمياط الجديدة"
          ]
        }
      },
      {
        "title": "IT Shop",
        "imagePath": "/assets/images/team/5.png",
        "link": " ",
        "modalData": {
          "name": "IT Shop",
          "number": [
            "01097050505"
          ],
          "address": [
            "شارع عمارات ٤٧ بجوار حضان شرابي للأطفال , Kafr el Sheikh, Egypt"
          ]
        }
      },
      {
        "title": "Technology Valley ",
        "imagePath": "/assets/images/team/6.png",
        "link": " ",
        "modalData": {
          "name": "Technology Valley",
          "number": [
            "01005791880"
          ],
          "address": [
            "هيليوبوليس، 7 شارع سخاوي - كمبيوتر مول 1 - محل رقم 11"
          ]
        }
      },
      {
        "title": "Wi-Fi Networking",
        "imagePath": "/assets/images/team/7.png",
        "link": " ",
        "modalData": {
          "name": "Wi-Fi Networking",
          "number": [
            "01115222293"
          ],
          "address": [
            "المقر الرئيسي: 8 شارع نجاتي سراج، المنطة الثامنة، مدينة نصر، الدور الثاني، شقة 202، امام البنك الوطني فرع السراج مول"
          ]
        }
      },
      {
        "title": "Express",
        "imagePath": "/assets/images/team/8.png",
        "link": " ",
        "modalData": {
          "name": "Express",
          "number": [
            "01002323774"
          ],
          "address": [
            "مول البستان - الدور الاول - باب اللوق "
          ]
        }
      },
      {
        "title": "MultiMedia House",
        "imagePath": "/assets/images/team/9.png",
        "link": " ",
        "modalData": {
          "name": "MultiMedia House",
          "number": [
            "01097266697"
          ],
          "address": [
            "Amaaer Bukding - Naser City - Cairo - Egypt, Cairo, Egypt"
          ]
        }
      },
      {
        "title": "Egypt Security & Smart",
        "imagePath": "/assets/images/team/10.png",
        "link": " ",
        "modalData": {
          "name": "Egypt Security & Smart",
          "number": [
            "01092239103"
          ],
          "address": [
            "فرع دمياط: سوق الحسبة - بجوار ألبان نظيم ",
            "فرع المنصورة: شارع أولاد ربيع - متفرع من شارع جيهان - أمام بوابة الجامعة"
          ]
        }
      },
      {
        "title": "Smart Link",
        "imagePath": "/assets/images/team/11.png",
        "link": " ",
        "modalData": {
          "name": "Smart Link",
          "number": [
            "01066222918"
          ],
          "address": [
            " 28 شارع محمود حسنين - متفرع من شارع عبد السلام على - المنصورة - محافظة الدقهلية"
          ]
        }
      },
      {
        "title": "Karama",
        "imagePath": "/assets/images/team/12.png",
        "link": " ",
        "modalData": {
          "name": "Karama",
          "number": [
            "01014913092"
          ],
          "address": [
            "شارع جيهان - أمام بوابة كلية التربية - خلف مسجد الجوهرة - المنصورة - محافظة الدقهلية"
          ]
        }
      },
      {
        "title": "الشركة المصرية الاوروبية ",
        "imagePath": "/assets/images/team/13.png",
        "link": " ",
        "modalData": {
          "name": "الشركة المصرية الاوروبية ",
          "number": [
            "1024202553"
          ],
          "address": [
            "شارع الأمين - أمام إستوديو منير - شبين الكوم - محافظة المنوفي��"
          ]
        }
      },
      {
        "title": "ElMothda Group",
        "imagePath": "/assets/images/team/14.png",
        "link": " ",
        "modalData": {
          "name": "ElMothda Group",
          "number": [
            "01000108875"
          ],
          "address": [
            "النعناعيه - طريق القناطر الخيريه - سنتريس - اشمون - المنوفيه"
          ]
        }
      },
      {
        "title": "Safety Life",
        "imagePath": "/assets/images/team/15.png",
        "link": " ",
        "modalData": {
          "name": "Safety Life",
          "number": [
            "01065607080"
          ],
          "address": [
            "17 شارع البستان - أمام مول البستان - الدور السادس - القاهرة"
          ]
        }
      },
      {
        "title": "Eagle Eye",
        "imagePath": "/assets/images/team/16.png",
        "link": " ",
        "modalData": {
          "name": "Eagle Eye",
          "number": [
            "01005327851"
          ],
          "address": [
            "٣ شارع الجبرتي - منشية البكري - مصر الجديدة - القاهرة"
          ]
        }
      },
      {
        "title": "Compusat Security Solutions",
        "imagePath": "/assets/images/team/17.png",
        "link": " ",
        "modalData": {
          "name": "Compusat Security Solutions",
          "number": [
            "01007445123"
          ],
          "address": [
            "4 شارع مصطفى أبو هيف - باب اللوق - عابدين - القاهرة"
          ]
        }
      },
      {
        "title": "Future System",
        "imagePath": "/assets/images/team/18.png",
        "link": " ",
        "modalData": {
          "name": "Future System",
          "number": [
            "01271084842"
          ],
          "address": [
            "فرع أسوان: شارع البركة - متفرع من شارع عباس العقاد",
            "فرع الأقصر: إسنا - بجوار السجل المدني الجديد"
          ]
        }
      },
      {
        "title": "Elicon Tech",
        "imagePath": "/assets/images/team/19.png",
        "link": " ",
        "modalData": {
          "name": "Elicon Tech",
          "number": [
            "01012220253",
            "01012220254"
          ],
          "address": [
            "عماره ٩ بلوك ١٤، شارع الدعوه، حي السفارات - مدينة نصر - القاهرة"
          ]
        }
      },
      {
        "title": "Elbatal Surveillance Systems",
        "imagePath": "/assets/images/team/20.png",
        "link": " ",
        "modalData": {
          "name": "Elbatal Surveillance Systems",
          "number": [
            "01200551813"
          ],
          "address": [
            "محافظة قنا مركز قوص شارع طريق النصر بجوار فرع وي"
          ]
        }
      },
      {
        "title": "الهرم",
        "imagePath": "/assets/images/team/21.png",
        "link": " ",
        "modalData": {
          "name": "الهرم",
          "number": [
            "01032359991"
          ],
          "address": [
            "شربين - بجوارشارع المركز - محافظة الدقهلية"
          ]
        }
      },
      {
        "title": "V Tech",
        "imagePath": "/assets/images/team/22.png",
        "link": " ",
        "modalData": {
          "name": "V Tech",
          "number": [
            "01090013622"
          ],
          "address": [
            "شارع أبو الفرج - أمام برج الإيمان - محافظة بني سويف"
          ]
        }
      },
      {
        "title": "El Swifey",
        "imagePath": "/assets/images/team/23.png",
        "link": " ",
        "modalData": {
          "name": "El Swifey",
          "number": [
            "01001653199"
          ],
          "address": [
            "3 شارع مجمع المصالح الحكومية أمام سوق اللؤلؤه"
          ]
        }
      },
      {
        "title": "Town Tech",
        "imagePath": "/assets/images/team/24.png",
        "link": " ",
        "modalData": {
          "name": "Town Tech",
          "number": [
            "01001916212"
          ],
          "address": [
            "فرع الإسكندرية: شارع ملك حفني ناصف - أمام ماركت فتح الله - فيكتوريا",
            "فرع دمنهور: شارع الصفا والمروة - خلف مدرسة الملك فيصل",
            "فرع أبو حمص: شارع محمد عامر - بجوار بنك مصر"
          ]
        }
      },
      {
        "title": "الهندسية للانظمة الامنية",
        "imagePath": "/assets/images/team/25.png",
        "link": " ",
        "modalData": {
          "name": "الهندسية للانظمة الامنية",
          "number": [
            "01020966688"
          ],
          "address": [
            "شارع عبد الحليم مع شارع هدايه - طنطا - محافظة الغربية"
          ]
        }
      },
      {
        "title": "شركة المهندس لكاميرات المراقبة",
        "imagePath": "/assets/images/team/26.png",
        "link": " ",
        "modalData": {
          "name": "شركة المهندس لكاميرات المراقبة",
          "number": [
            "01282724126"
          ],
          "address": [
            "الاسماعيليه - حي السلام - ش العصفوري محلات المهندس"
          ]
        }
      },
      {
        "title": "Elziny Electronics",
        "imagePath": "/assets/images/team/27.png",
        "link": " ",
        "modalData": {
          "name": "Elziny Electronics",
          "number": [
            "01007138061"
          ],
          "address": [
            "شارع مجمع المحاكم - محلات الزيني - المنزله - محافظة الدقهلية"
          ]
        }
      },
      {
        "title": "Zoom Technology Solutions ",
        "imagePath": "/assets/images/team/28.png",
        "link": " ",
        "modalData": {
          "name": "Zoom Technology Solutions ",
          "number": [
            "01099592502"
          ],
          "address": [
            "شارع أوجينا والسواحل - حي الشرق - محافظة بورسعيد"
          ]
        }
      },
      {
        "title": "Emerson Tech",
        "imagePath": "/assets/images/team/30.png",
        "link": " ",
        "modalData": {
          "name": "Emerson Tech",
          "number": [
            "01116343434"
          ],
          "address": [
            "15 شارع البستان - باب الللوق - القاهرة"
          ]
        }
      },
      {
        "title": "HIVISION",
        "imagePath": "/assets/images/team/31.png",
        "link": " ",
        "modalData": {
          "name": "HIVISION",
          "number": [
            "01229830507"
          ],
          "address": [
            "عمارة ستراند الدور الثانى - شارع التحرير - باب اللوق - عابدين - القاهرة"
          ]
        }
      },
      {
        "title": "El-Kayan Systems Integration",
        "imagePath": "/assets/images/team/32.png",
        "link": " ",
        "modalData": {
          "name": "El-Kayan Systems Integration",
          "number": [
            "01004330123"
          ],
          "address": [
            "حي البنفسج 2 - التجمع الأول - القاهرة"
          ]
        }
      },
      {
        "title": "Trade House Electronic Systems",
        "imagePath": "/assets/images/team/33.png",
        "link": " ",
        "modalData": {
          "name": "Trade House Electronic Systems",
          "number": [
            "01220110258"
          ],
          "address": [
            "15 شارع البستان - أمام سنتر البستان - باب اللوق - القاهرة"
          ]
        }
      }
    ]
  },
  "storage": {
    "title": "Our success is intertwined with our valued partnerss",
    "tagline": "Our Success Partners",
    "bottomText": " ",
    "items": [
      {
        "title": "Dahua Technology",
        "imagePath": "/assets/images/resources/ASG Distribution Brands Logo-01.png",
        "link": "partners/dahua",
        "description": "Enabling a Smarter Society and Better Living."
      },
      {
        "title": "Ruijie Reyee",
        "imagePath": "/assets/images/storage/5.png",
        "link": "partners/ruijiereyee",
        "description": "Committed to fully integrating technologies with applications to creatively solve customers' problems and promote social progress."
      },
      {
        "title": "Aruba",
        "imagePath": "/assets/aruuba.png",
        "link": "partners/aruba",
        "description": "Drive innovation from the edge to the cloud with security-first and AI-powered networking."
      },
      {
        "title": "ITC",
        "imagePath": "/assets/itcc.png",
        "link": "partners/itc",
        "description": "Industry-leading audio visual and stage lighting manufacturer."
      },
      {
        "title": "Skidata",
        "imagePath": "/assets/images/storage/3.png",
        "link": "partners/skidata",
        "description": "Smart access and Parking Management that move people smoothly. Designed for airports, cities, and destinations where efficiency and experience matter."
      },
      {
        "title": "Kstar",
        "imagePath": "/assets/images/storage/4.png",
        "link": "partners/kstar",
        "description": "Well designed UPS solutions for critical power applications."
      },
      {
        "title": "Unitech",
        "imagePath": "/assets/images/storage/6.png",
        "link": "partners/unitech",
        "description": "reliable power backup solution designed to keep you running without interruptions."
      },
      {
        "title": "Centurion",
        "imagePath": "/assets/images/storage/2.png",
        "link": "partners/centurion",
        "description": "Dedicated to enhancing lives with our cutting-edge gate motors and access control products."
      },
      {
        "title": "FAAC Technologies",
        "imagePath": "/assets/images/storage/7.png",
        "link": "partners/faac",
        "description": "Specialised in access automation, parking and access control business in both the residential and industrial sectors."
      },
      {
        "title": "Magnetic",
        "imagePath": "/assets/images/storage/8.png",
        "link": "partners/magnetic",
        "description": "Access systems that take you further."
      }
    ]
  },
  "services": {
    "title": "Keeping You One Step Ahead",
    "tagline": "Our Solutions",
    "items": [
      {
        "title": "Surveillance System",
        "imagePath": "/assets/images/resources/sec.jpg",
        "iconPath": "/assets/images/resources/Security System.svg",
        "link": "/services-details?tab=1",
        "description": "Provide peace of mind through advanced protection and surveile measures"
      },

      {
        "title": "Networking",
        "imagePath": "/assets/images/Home/net.png",
        "iconPath": "assets/images/home2/net.svg",
        "link": "/services-details?tab=2",
        "description": "Enables seamless communication and collaboration by connecting devices and systems"
      },
      {
        "title": "Access Control",
        "imagePath": "/assets/images/Home/ac.png",
        "iconPath": "/assets/images/home2/ac.svg",
        "link": "/services-details?tab=3",
        "description": "Enhance communication through technologies like video conferencing and display systems"
      },
      {
        "title": "Audio Visual Solutions",
        "imagePath": "/assets/images/resources/AV.jpg",
        "iconPath": "/assets/images/resources/Audio.svg",
        "link": "/services-details?tab=4",
        "description": "Streamline processes by automating tasks and workflows for increased efficiency"
      },
      {
        "title": "Automations",
        "imagePath": "/assets/images/resources/aut.jpg",
        "iconPath": "/assets/images/resources/cloud-gear-automation.svg",
        "link": "/services-details?tab=5",
        "description": "Optimize parking management through technologies like sensors and smart parking systems"
      },
      {
        "title": "Parking Management",
        "imagePath": "/assets/images/resources/Parking.jpg",
        "iconPath": "/assets/images/resources/parking-circle.svg",
        "link": "/services-details?tab=6",
        "description": "A specialized military unit with gathering information, conducting reconnaissance, and intelligence."
      },
      {
        "title": "Queue Management",
        "imagePath": "/assets/images/Home/q.png",
        "iconPath": "/assets/images/home2/q.svg",
        "link": "/services-details?tab=7",
        "description": "Organize customer flow efficiently, reducing waiting times and improving service experiences across different environments. With smart ticketing and real-time monitoring, businesses can optimize operations and enhance customer satisfaction."
      },

      {
        "title": "Walk through & X-Ray",
        "imagePath": "/assets/images/Home/walk.png",
        "iconPath": "/assets/images/home2/walk.svg",
        "link": "/services-details?tab=8",
        "description": "Ensure maximum security with our Walkthrough and X-Ray Solutions, designed for airports, government buildings, and high-risk facilities. These systems provide fast, accurate detection of prohibited items while maintaining smooth access for visitors."
      },
      {
        "title": "Nurse Calling",
        "imagePath": "/assets/images/Home/nurse.png",
        "iconPath": "/assets/images/home2/nurse.svg",
        "link": "/services-details?tab=9",
        "description": "Enable fast and reliable communication between patients and medical staff, ensuring immediate response when it matters most. Designed for hospitals and healthcare facilities, these systems improve workflow efficiency, patient safety, and quality of care."
      },
      {
        "title": "Parking Gudiance",
        "imagePath": "/assets/images/Home/parkingg.png",
        "iconPath": "/assets/images/home2/parkingg.svg",
        "link": "/services-details?tab=10",
        "description": "Optimize parking efficiency with our Parking Guidance Solutions, providing real-time availability, smart navigation, and seamless vehicle management. Ideal for malls, airports, and commercial spaces, these systems reduce congestion and enhance the parking experience."
      },
      {
        "title": "Access Automation",
        "imagePath": "/assets/images/Home/access.png",
        "iconPath": "/assets/images/home2/access.svg",
        "link": "/services-details?tab=11",
        "description": "streamlines entry control for homes, offices, and commercial buildings, providing secure and convenient access management. It enhances security, efficiency, and operational control"
      },
      {
        "title": "Fire Alarm",
        "imagePath": "/assets/images/Home/fire.png",
        "iconPath": "/assets/images/home2/fire.svg",
        "link": "/services-details?tab=12",
        "description": "Provide early detection and real-time alerts to protect lives and property in homes, offices, and commercial buildings. Equipped with advanced sensors and reliable monitoring, they ensure rapid response to fire emergencies."
      },
      {
        "title": "Intercom",
        "imagePath": "/assets/images/Home/intercom.png",
        "iconPath": "/assets/images/home2/intercom.svg",
        "link": "/services-details?tab=13",
        "description": "Enable seamless communication and access control for homes, offices, and commercial buildings. With audio and video capabilities, these systems enhance security, convenience, and real-time connectivity."
      },
      {
        "title": "Public Address",
        "imagePath": "/assets/images/Home/ip.png",
        "iconPath": "/assets/images/home2/ip.svg",
        "link": "/services-details?tab=14",
        "description": "Enhance communication across your facility with our Public Address Solutions, delivering clear and reliable audio for announcements, alerts, and background music. These systems ensure effective sound coverage and improved audience engagement."
      },
      {
        "title" : "Mobile Solutions",
        "imagePath": "/assets/images/Home/mobile.png",
        "iconPath": "/assets/images/home2/mobile.svg",
        "link": "/services-details?tab=15",
        "description": "Deliver flexible, real-time security wherever your operations go. Designed for vehicles and mobile sites, they provide live monitoring, GPS tracking, and reliable video recording to enhance safety and operational control"
      },
      {
        "title" : "Intrusion",
        "imagePath": "/assets/images/Home/intru.png",
        "iconPath": "/assets/images/home2/intru.svg",
        "link": "/services-details?tab=16",
        "description": "Protect your property with real-time alerts and intelligent monitoring for homes, offices, and commercial buildings. Designed to prevent unauthorized access, these systems enhance security and provide peace of mind."
      },
      {
        "title" : "Interactive Board",
        "imagePath": "/assets/images/Home/inter.png",
        "iconPath": "/assets/images/resources/inter.svg",
        "link": "/services-details?tab=17",
        "description": "Transform classrooms and meeting spaces with touch-enabled displays for engaging presentations and collaborative learning. Designed for schools and businesses, they enhance interactivity, productivity, and visual communication."
      }
    ]
  },
  "banner": {
    "slides": [
      {
        "backgroundImage": "/assets/images/resources/2394-x-820.jpg",
        "backgroundImageTwo": "assets/images/backgrounds/1.jpg",
        "shape1": "assets/images/shapes/main-slider-shape-1.png",
        "shape2": "assets/images/shapes/main-slider-shape-2.png",
        "shape3": "assets/images/shapes/main-slider-shape-3.png",
        "shape4": "assets/images/shapes/main-slider-shape-4.png",
        "subTitle": "ASG Distribution",
        "title": "Where <span class='icon-camera'></span> Value <br/> Meets Excellence",
        "text": "Partnering with ASG Distribution means gaining access to <br/> not only top-notch products but also a dedicated team ready to <br/> support you to achieve your goals.",
        "buttonLink": "about",
        "buttonText": "Learn More",
        "phoneNumber": "010 50638800"
      }
    ]
  },
  "blogs": [
    {
      "image": "assets/images/news/blog-1-1.jpg",
      "author": "admin",
      "date": "October 19, 2022",
      "title": "A security solution that brings peace of mind",
      "link": "blog-details"
    },
    {
      "image": "assets/images/news/blog-1-2.jpg",
      "author": "admin",
      "date": "October 19, 2022",
      "title": "Provides robust defense mechanisms to",
      "link": "blog-details"
    },
    {
      "image": "assets/images/news/blog-1-3.jpg",
      "author": "admin",
      "date": "October 19, 2022",
      "title": "Builds a strong fortress around your",
      "link": "blog-details"
    }
  ],
  "processImages": {
    "img1": "/assets/images/resources/2.jpg",
    "img2": "/assets/images/resources/1.jpg",
    "img3": "/assets/images/resources/3.jpg"
  }
}
