[
  {
    "title": "Dahua",
    "description": "Innovative security solutions provider enhancing safety with advanced technology.",
    "imageUrl": "aqqqqqqqqq.png"
  },
  {
    "title": "Ruijie Reyee",
    "description": "Leading networking solutions for seamless connectivity and efficiency.",
    "imageUrl": "aqqqqq.png"
  },
  {
    "title": "Imou",
    "description": "Smart security solutions for modern surveillance, enhanced protection, and peace of mind.",
    "imageUrl": "aqqq.png"
  },
  {
    "title": "Kstar",
    "description": "Powering reliability and performance with cutting-edge energy solutions.",
    "imageUrl": "aqqqq.png"
  },
  {
    "title": "Unitech",
    "description": " Reliable Uninterruptible Power Supply solutions for continuous performance.",
    "imageUrl": "aqqqqqq.png"
  },
  {
    "title": "Centurion",
    "description": "Innovative access control and automation systems for enhanced security.",
    "imageUrl": "aqq.png"
  },
  {
    "title": "FAAC",
    "description": "Leading the way in gate automation, advanced security, and access control solutions.",
    "imageUrl": "aqqqqqqq.png"
  },
  {
    "title": "Magnetic",
    "description": " Cutting-edge solutions for secure access control and automation systems.",
    "imageUrl": "aqqqqqqqqqqq.png"
  }
]